technology,location,investment_cost,variable_cost,unit_capacity,ramping_rate
Gas,BEL,23.33333333,0.05,250,0.75
Gas,NED,23.33333333,0.05,250,0.75
Gas,GER,23.33333333,0.05,250,0.75
Gas,FRA,23.33333333,0.05,250,0.75
Gas,SPA,23.33333333,0.05,250,0.75
Gas,ITA,23.33333333,0.05,250,0.75
Gas,UKI,23.33333333,0.05,250,0.75