location,technology,capacity,units
AUS,Gas,11250.0,45
BLK,Gas,18000.000000000007,72
FIN,Gas,3500.0,14
FRA,Gas,45500.00000000003,182
GER,Gas,22000.0,88
ITA,Gas,12250.0,49
POL,Gas,8000.0,32
SKO,Gas,6250.000000000004,25
SPA,Gas,16750.00000000001,67
SWE,Gas,18500.0,74
UKI,Gas,26250.000000000022,105
