technology,location,investment_cost,variable_cost,unit_capacity,ramping_rate
Gas,l0,23.33333333,0.05,250,0.75
Gas,l1,23.33333333,0.05,250,0.75
Gas,l2,23.33333333,0.05,250,0.75
Gas,l3,23.33333333,0.05,250,0.75
Gas,l4,23.33333333,0.05,250,0.75
