location,time_step,loss_of_load
BEL,1,5336.381287
NED,1,13170.04359
BEL,2,4884.633429
NED,2,12924.85596
BEL,3,4489.721528
NED,3,12508.63018
BEL,4,4159.485025
NED,4,12069.66523
BEL,5,3890.984129
NED,5,11799.7611
