location,time_step,loss_of_load
l7_l5_l4_l6,222,89.59780925907035
l7_l5_l4_l6,235,345.226316666638
l3_l0_l2_l1,567,24.99887074824801
l7_l5_l4_l6,995,356.35541717836895
l7_l5_l4_l6,1123,170.9907371695299
l7_l5_l4_l6,1627,291.71170914820686
l3_l0_l2_l1,2427,51.878417036510655
l3_l0_l2_l1,2798,11.210714314540382
